{
  "noise" : {
    "Label" : {
      "-LfJoczbZdlPEH4PBZF5" : {
        "thisLatitude" : 35.16893210475589,
        "thisLongitude" : 136.94472040573348
      }
  }
}
}